Age,Gender,Weight (kg),Height (m),Avg_BPM,Session_Duration (hours), Calories_Burned ,Workout_Type,Water_Intake (liters),Workout_Frequency (days/week),BMI
56,Male,88.3,1.71,157,1.69," 1,313 ",Yoga,3.5,4,30.2
46,Female,74.9,1.53,151,1.3, 883 ,HIIT,2.1,4,32
32,Female,68.1,1.66,122,1.11, 677 ,Cardio,2.3,4,24.71
25,Male,53.2,1.7,164,0.59, 532 ,Strength,2.1,3,18.41
38,Male,46.1,1.79,158,0.64, 556 ,Strength,2.8,3,14.39
56,Female,58,1.68,156,1.59," 1,116 ",HIIT,2.7,5,20.55
36,Male,70.3,1.72,169,1.49," 1,385 ",Cardio,2.3,3,23.76
40,Female,69.7,1.51,141,1.27, 895 ,Cardio,1.9,3,30.57
28,Male,121.7,1.94,127,1.03, 719 ,Strength,2.6,4,32.34
28,Male,101.8,1.84,136,1.08, 808 ,Cardio,2.7,3,30.07
41,Male,120.8,1.67,146,0.82, 593 ,HIIT,3,2,43.31
53,Male,51.7,1.7,152,1.15, 865 ,HIIT,3.5,3,17.89
57,Male,112.5,1.61,165,1.24," 1,013 ",Cardio,2.7,3,43.4
41,Male,94.5,2,136,1.18, 794 ,HIIT,3.7,3,23.62
20,Male,117.7,1.81,161,1.35," 1,195 ",Yoga,3.3,3,35.93
39,Female,42.5,1.75,131,1.13, 740 ,Strength,2.1,2,13.88
19,Female,64,1.53,167,1.33," 1,111 ",HIIT,2.3,3,27.34
41,Female,43.8,1.77,165,1.19, 884 ,Cardio,1.6,3,13.98
47,Female,66.8,1.75,146,1.13, 742 ,Strength,2.5,3,21.81
55,Female,75.2,1.67,167,1.37," 1,030 ",HIIT,2.2,2,26.96
19,Male,89,1.77,127,1.5," 1,048 ",Strength,3.7,4,28.41
38,Male,71.9,1.77,142,1.12, 875 ,Cardio,3.1,2,22.95
50,Female,71,1.68,161,1.17, 848 ,Yoga,2.5,2,25.16
29,Male,120.9,1.78,168,0.78, 721 ,Yoga,3.4,2,38.16
39,Female,64.3,1.69,148,1.25, 925 ,HIIT,1.9,4,22.51
42,Female,63.7,1.71,169,1.42," 1,080 ",Yoga,1.8,3,21.78
44,Male,65.2,1.8,139,0.73, 502 ,HIIT,2.7,2,20.12
59,Male,53.9,1.75,135,1.48, 989 ,Strength,2.8,4,17.6
45,Male,84.9,1.86,136,1.64," 1,104 ",HIIT,3.5,5,24.54
33,Female,78,1.68,135,1.29, 871 ,HIIT,1.8,3,27.64
32,Male,108.2,1.8,138,1.27, 964 ,HIIT,3.5,3,33.4
20,Female,65.4,1.52,127,1.03, 654 ,Yoga,2.2,4,28.31
54,Female,50.2,1.61,157,1.48," 1,046 ",HIIT,2.7,2,19.37
24,Female,58.9,1.51,157,1.04, 816 ,Cardio,2.5,2,25.83
38,Male,81.4,1.71,148,1.52," 1,237 ",HIIT,3.5,5,27.84
26,Male,127.6,1.73,160,1.32," 1,162 ",Strength,2.9,3,42.63
56,Female,59.3,1.56,155,1.26, 879 ,Cardio,2.6,4,24.37
35,Male,96.9,1.71,145,1.34," 1,069 ",Strength,2.9,3,33.14
21,Male,62.6,1.81,150,1.3," 1,072 ",Strength,3.5,4,19.11
42,Male,45.5,1.6,163,1.31," 1,057 ",Strength,2.6,3,17.77
31,Female,48.8,1.51,131,1.48, 969 ,Cardio,2,2,21.4
26,Female,44.3,1.6,136,1.08, 734 ,Cardio,2,3,17.3
43,Male,113.2,1.83,134,1.45, 962 ,Yoga,2.9,4,33.8
19,Female,60.5,1.59,128,1.14, 730 ,Cardio,2.2,2,23.93
37,Male,124.2,1.76,158,1.5," 1,304 ",HIIT,2.8,2,40.1
45,Male,52.4,1.85,161,1.2, 956 ,Strength,2.5,3,15.31
24,Male,54.7,1.74,167,0.84, 772 ,Yoga,3.6,3,18.07
25,Male,88.1,1.95,131,1.41," 1,016 ",Cardio,3,2,23.17
52,Female,59.7,1.71,151,1.23, 836 ,Strength,2,3,20.42
31,Female,79.7,1.54,144,1.03, 742 ,Cardio,2.3,4,33.61
34,Female,51,1.62,158,1.42," 1,122 ",Yoga,2.4,3,19.43
53,Male,84.2,1.76,137,1.67," 1,133 ",Cardio,3.5,5,27.18
57,Male,122.1,1.89,134,1.13, 750 ,Cardio,3.6,3,34.18
21,Male,96.7,1.72,151,1.26," 1,046 ",Strength,2.8,3,32.69
19,Female,73,1.79,125,0.81, 506 ,HIIT,1.6,3,22.78
23,Male,114.8,1.6,163,1.47," 1,318 ",Cardio,2.7,4,44.84
59,Female,65.5,1.52,162,1.4," 1,021 ",Yoga,2.1,3,28.35
21,Female,50.3,1.52,154,1.08, 832 ,Cardio,2.6,3,21.77
46,Female,61,1.71,153,1.67," 1,150 ",Cardio,2.7,4,20.86
35,Female,44.6,1.62,157,0.56, 440 ,HIIT,2,2,16.99
43,Female,58.2,1.61,124,1.04, 580 ,Strength,2.6,3,22.45
51,Female,44.8,1.63,137,1.08, 666 ,Yoga,2.1,4,16.86
27,Male,87.5,1.63,135,1.75," 1,299 ",Strength,3.5,5,32.93
53,Male,51.8,1.74,127,1.23, 773 ,Strength,3.7,3,17.11
31,Female,64.4,1.7,144,1.97," 1,418 ",Strength,2.7,5,22.28
48,Female,67.1,1.61,151,0.62, 421 ,Cardio,1.5,2,25.89
32,Male,85.9,1.6,145,1.99," 1,587 ",HIIT,3.5,5,33.55
25,Female,65.4,1.77,141,0.89, 627 ,Cardio,2.6,3,20.88
31,Female,61.1,1.76,150,1.81," 1,358 ",Yoga,2.7,4,19.72
40,Male,106.5,1.65,162,1.32," 1,176 ",HIIT,3.6,4,39.12
57,Female,64,1.52,129,1.73," 1,004 ",Strength,2.7,5,27.7
38,Female,61.4,1.54,131,1.47, 963 ,HIIT,2.7,3,25.89
33,Female,40.5,1.63,147,1.07, 786 ,Yoga,1.5,4,15.24
35,Male,70.1,1.79,125,1.08, 743 ,Cardio,2.3,3,21.88
41,Male,94.1,1.62,139,1.13, 777 ,Cardio,3.1,4,35.86
43,Male,55.5,1.82,124,1.08, 663 ,Strength,2,3,16.76
42,Female,53.7,1.72,142,1.37, 875 ,Cardio,1.6,3,18.15
58,Female,66.1,1.75,128,0.63, 363 ,Cardio,1.8,2,21.58
46,Male,103.9,1.77,148,1.18, 864 ,Yoga,2.9,2,33.16
32,Female,61.7,1.58,135,1.87," 1,262 ",HIIT,2.7,5,24.72
18,Female,52.3,1.74,165,1.2, 990 ,Cardio,2.2,2,17.27
42,Female,59.5,1.74,141,1.78," 1,129 ",Yoga,2.7,5,19.65
24,Female,72.9,1.76,127,0.86, 546 ,Yoga,1.5,3,23.53
26,Female,76.7,1.63,139,1.08, 751 ,Strength,1.7,2,28.87
41,Male,72.1,1.83,133,1.13, 744 ,Yoga,2.8,3,21.53
18,Female,54.8,1.68,158,1.27," 1,003 ",Strength,2.2,4,19.42
25,Male,105,1.88,156,1.34," 1,150 ",Cardio,2.3,3,29.71
41,Female,55,1.55,169,1.45," 1,103 ",Strength,2,4,22.89
28,Male,81.6,1.66,153,1.09, 917 ,Yoga,3.5,4,29.61
34,Female,75.6,1.6,130,0.64, 416 ,HIIT,2.7,2,29.53
25,Male,81.5,1.61,159,1.93," 1,688 ",HIIT,3.5,4,31.44
52,Female,61.5,1.69,152,1.8," 1,231 ",Cardio,2.7,4,21.53
52,Male,74,1.63,150,1.26, 936 ,Cardio,3.7,3,27.85
50,Female,56.4,1.59,163,1.26, 924 ,HIIT,2.6,3,22.31
22,Male,102.6,1.84,153,1.25," 1,052 ",Strength,2.7,3,30.3
59,Female,54.6,1.57,169,0.58, 441 ,Cardio,2.3,3,22.15
56,Male,129,1.78,126,1.29, 805 ,Yoga,2.7,2,40.71
58,Male,103.5,1.66,168,1.33," 1,106 ",Cardio,3.1,3,37.56
45,Female,59.4,1.51,142,1.15, 735 ,Strength,1.9,4,26.05
24,Female,60.1,1.79,165,1.97," 1,625 ",Cardio,2.7,4,18.76
26,Male,77.7,1.62,126,1.16, 804 ,Yoga,3,3,29.61
25,Female,41.2,1.62,144,1.49," 1,073 ",Yoga,2.1,4,15.7
29,Male,58.6,1.61,122,1.2, 805 ,Yoga,2,3,22.61
51,Male,109.3,1.78,157,0.54, 420 ,Strength,3.3,3,34.5
50,Male,69.6,1.96,139,0.97, 667 ,Strength,2,3,18.12
40,Female,56.2,1.79,153,1.79," 1,369 ",Yoga,2.7,5,17.54
41,Male,71.7,1.96,168,0.51, 424 ,Yoga,2.5,2,18.66
54,Male,86,1.93,163,1.74," 1,404 ",Strength,3.5,5,23.09
52,Female,79.4,1.59,163,1.39," 1,020 ",Strength,1.5,3,31.41
57,Female,78.4,1.62,149,1.01, 677 ,Strength,2,4,29.87
39,Female,55.4,1.6,136,1.44, 979 ,HIIT,1.6,3,21.64
44,Female,61.7,1.55,129,1.41, 819 ,Strength,2.6,4,25.68
52,Male,85.5,1.82,154,1.78," 1,357 ",Yoga,3.5,4,25.81
18,Male,87.6,1.93,139,1.72," 1,315 ",HIIT,3.5,4,23.52
52,Male,82.4,1.72,137,1.01, 685 ,Strength,2.7,4,27.85
54,Male,67,1.68,164,0.55, 446 ,Yoga,2.8,3,23.74
31,Female,42.3,1.6,163,1.09, 888 ,Cardio,1.9,3,16.52
20,Male,82.7,1.99,146,1.69," 1,357 ",HIIT,3.5,5,20.88
18,Male,92.4,1.74,168,1.41," 1,303 ",Yoga,3.1,2,30.52
22,Female,63.2,1.54,155,1.02, 790 ,Cardio,2.4,4,26.65
43,Male,82.7,1.85,142,1.22, 858 ,Yoga,3.1,4,24.16
31,Male,86.6,1.76,151,1.29," 1,071 ",Strength,3.3,3,27.96
56,Male,129.5,1.95,129,1, 639 ,Strength,3.5,2,34.06
44,Male,98,1.83,130,1.28, 824 ,Cardio,3.5,4,29.26
26,Male,86.2,1.68,157,1.97," 1,701 ",Strength,3.5,5,30.54
32,Male,78.6,1.62,125,1.28, 880 ,Yoga,3.1,3,29.95
32,Female,59,1.66,160,0.51, 408 ,Cardio,1.8,2,21.41
43,Female,57.3,1.79,166,1.98," 1,479 ",Yoga,2.7,4,17.88
59,Male,122.3,1.89,153,0.66, 500 ,Yoga,3.1,3,34.24
30,Male,85.3,1.95,155,1.61," 1,373 ",Yoga,3.5,5,22.43
49,Female,45.2,1.74,156,1.24, 870 ,Strength,2.1,3,14.93
56,Male,55.6,1.92,136,0.68, 458 ,Strength,3.2,3,15.08
49,Male,82.8,1.95,159,1.91," 1,503 ",Yoga,3.5,5,21.78
21,Male,125.2,1.66,159,1.38," 1,207 ",HIIT,3.4,3,45.43
47,Female,58.5,1.79,131,1.42, 837 ,Yoga,2.4,4,18.26
54,Male,86.1,1.95,140,1.17, 811 ,Yoga,3.4,2,22.64
40,Female,63.5,1.61,159,1.31," 1,041 ",Cardio,1.6,3,24.5
56,Male,69.3,1.68,138,0.66, 451 ,Yoga,2.1,2,24.55
32,Female,70.5,1.62,122,1.24, 756 ,Strength,1.8,2,26.86
46,Female,60.1,1.65,137,1.69," 1,042 ",Cardio,2.7,4,22.08
53,Male,94.1,1.95,138,0.89, 608 ,HIIT,3.5,3,24.75
30,Female,79.2,1.62,166,1.26," 1,046 ",Cardio,2.5,4,30.18
49,Male,115.3,1.91,125,1.38, 854 ,HIIT,3.2,2,31.61
24,Female,62.9,1.79,135,1.42, 958 ,Cardio,2.3,4,19.63
39,Male,62,1.64,127,0.97, 678 ,Cardio,3.2,3,23.05
45,Male,88.5,1.78,167,1.53," 1,265 ",HIIT,3.5,4,27.93
19,Female,73.9,1.77,137,1.28, 877 ,Strength,2.6,3,23.59
59,Male,50.3,1.95,167,1.07, 885 ,Strength,3.4,3,13.23
23,Male,83.1,1.8,162,0.7, 624 ,Strength,3.1,3,25.65
45,Female,65.1,1.78,158,1.46," 1,038 ",Cardio,2.3,3,20.55
45,Male,46.6,1.79,168,1.46," 1,214 ",Yoga,2.4,3,14.54
37,Male,103.5,1.89,168,0.54, 499 ,Cardio,3.1,2,28.97
47,Female,61.9,1.54,131,1.95," 1,150 ",Yoga,2.7,4,26.1
28,Female,52,1.61,164,1.32," 1,082 ",Yoga,2,3,20.06
45,Male,113.4,1.71,129,0.83, 530 ,Strength,2.3,2,38.78
42,Male,62.9,1.98,126,1.42, 886 ,Yoga,3.4,4,16.04
56,Female,40.4,1.8,165,1.23, 913 ,Cardio,2.1,4,12.47
50,Female,67.1,1.75,120,0.67, 362 ,Cardio,2.7,3,21.91
18,Male,70,1.61,168,1.3," 1,201 ",Strength,2.5,2,27.01
44,Female,69.5,1.75,155,1.02, 711 ,HIIT,2.1,3,22.69
30,Male,107.9,1.66,140,1.08, 832 ,Cardio,2.8,3,39.16
58,Male,109,1.91,156,1.49," 1,151 ",Yoga,2.2,3,29.88
20,Male,101,1.91,143,1.36," 1,070 ",Cardio,2.7,3,27.69
56,Male,88.5,1.85,144,1.57," 1,119 ",Cardio,3.5,4,25.86
23,Male,80.9,1.8,126,1.55," 1,074 ",Cardio,3.5,4,24.97
25,Female,43.1,1.62,161,1.04, 837 ,HIIT,1.8,4,16.42
44,Female,59.1,1.52,136,1.58, 967 ,Yoga,2.7,5,25.58
26,Female,54,1.53,148,1.14, 844 ,Strength,1.7,3,23.07
54,Female,72.3,1.78,149,1.27, 852 ,Cardio,1.8,2,22.82
50,Male,51.1,1.98,126,0.92, 574 ,Yoga,2.4,2,13.03
59,Male,89.4,1.72,152,1.08, 813 ,Yoga,3.2,3,30.22
41,Male,51.5,1.8,126,1.09, 680 ,Strength,2.1,4,15.9
32,Male,87.9,1.88,143,1.52," 1,195 ",Cardio,3.5,5,24.87
49,Female,42,1.52,130,1.1, 644 ,HIIT,2.2,3,18.18
49,Male,79.2,1.72,128,1.46, 925 ,Yoga,3.3,3,26.77
41,Male,64.8,1.71,131,1.2, 778 ,Strength,2.8,3,22.16
58,Female,63,1.78,154,1.58," 1,095 ",HIIT,2.7,4,19.88
29,Female,56.2,1.77,123,0.68, 418 ,Yoga,2.6,3,17.94
56,Female,52.9,1.64,155,1.1, 767 ,Cardio,2.3,3,19.67
19,Female,49,1.69,147,1.05, 772 ,Yoga,2.4,3,17.16
20,Male,128.2,1.84,132,0.83, 603 ,HIIT,2.3,3,37.87
54,Male,83.6,1.86,142,1.54," 1,082 ",HIIT,3.5,5,24.16
34,Female,56.2,1.77,138,1.81," 1,249 ",Cardio,2.7,5,17.94
19,Male,87.8,1.78,161,1.28," 1,133 ",Cardio,3.3,2,27.71
19,Male,85.9,1.85,156,1.66," 1,424 ",Strength,3.5,4,25.1
45,Male,51.1,1.87,158,1.44," 1,126 ",Cardio,3.4,4,14.61
40,Female,57.4,1.71,143,1.87," 1,337 ",Strength,2.7,5,19.63
54,Male,114.9,1.92,135,1.2, 802 ,HIIT,2.6,4,31.17
49,Female,62.1,1.66,152,1.37, 937 ,HIIT,1.8,3,22.54
50,Male,57.1,1.91,131,1.09, 707 ,Yoga,2.7,4,15.65
18,Male,68.1,1.8,153,1.1, 926 ,Yoga,3.3,4,21.02
36,Male,69.2,1.65,126,1.23, 852 ,Strength,2.7,3,25.42
19,Female,65.2,1.52,130,1.23, 800 ,Cardio,2.4,3,28.22
43,Male,108.6,1.73,150,1.33, 988 ,Cardio,2.2,2,36.29
49,Female,40,1.65,148,1.03, 686 ,Yoga,2.5,3,14.69
23,Female,41.9,1.58,132,0.56, 370 ,HIIT,1.8,3,16.78
49,Female,68.3,1.52,150,1.45, 979 ,Strength,1.8,4,29.56
21,Male,88.4,1.6,121,1.71," 1,138 ",HIIT,3.5,4,34.53
28,Male,66,1.9,158,1.18," 1,025 ",HIIT,3,3,18.28
34,Male,71.9,1.64,134,1.26, 929 ,Cardio,2.1,4,26.73
55,Male,75.6,1.71,130,1.03, 663 ,Strength,2,4,25.85
41,Female,63.4,1.59,153,1.84," 1,267 ",HIIT,2.7,5,25.08
22,Female,71.6,1.77,158,1.49," 1,177 ",Yoga,1.8,3,22.85
51,Female,57.4,1.77,123,1.08, 598 ,Yoga,2.1,4,18.32
23,Male,83.8,1.99,130,1.79," 1,280 ",Cardio,3.5,4,21.16
39,Female,55.9,1.71,148,1.95," 1,443 ",Yoga,2.7,5,19.12
28,Male,87,1.76,121,1.2, 799 ,Yoga,3.5,3,28.09
33,Female,65.3,1.71,135,1.18, 796 ,HIIT,2.5,4,22.33
50,Male,45.4,1.67,158,1.37," 1,071 ",Yoga,2.8,4,16.28
26,Male,87.1,1.87,132,1.71," 1,241 ",Yoga,3.5,4,24.91
23,Female,78.6,1.73,156,1.47," 1,147 ",HIIT,1.5,4,26.26
33,Female,78,1.71,136,1.08, 734 ,Cardio,2.1,3,26.67
46,Female,58,1.53,140,1.83," 1,153 ",Cardio,2.7,4,24.78
20,Female,71.3,1.69,163,1.28," 1,043 ",Strength,2.3,3,24.96
37,Male,49.1,1.74,138,1.11, 842 ,Yoga,2.6,3,16.22
53,Female,78.3,1.65,126,1.24, 703 ,HIIT,1.6,3,28.76
36,Female,57.3,1.64,157,1.13, 887 ,Strength,1.8,4,21.3
43,Female,48.4,1.61,127,1.28, 732 ,Cardio,2.4,2,18.67
20,Male,76.4,1.62,132,1.35, 980 ,Cardio,2.6,4,29.11
36,Male,110.2,1.77,156,1.19," 1,021 ",HIIT,3.4,2,35.18
37,Female,72.9,1.76,121,1.21, 732 ,Strength,1.9,3,23.53
49,Male,82.1,1.86,160,1.87," 1,481 ",Strength,3.5,4,23.73
24,Female,58.9,1.76,130,0.63, 410 ,HIIT,1.7,3,19.01
58,Male,82.2,1.87,143,1.57," 1,111 ",HIIT,3.5,4,23.51
50,Male,96.7,1.72,125,1.46, 903 ,Strength,2.7,3,32.69
57,Male,81.4,1.86,145,1.8," 1,292 ",Cardio,3.5,5,23.53
56,Male,107.8,1.73,126,1.09, 680 ,Yoga,2.8,3,36.02
35,Female,65.8,1.62,158,1, 790 ,Cardio,1.5,4,25.07
57,Female,68.5,1.56,138,1.45, 900 ,HIIT,1.6,4,28.15
18,Female,63.9,1.59,125,1.87," 1,169 ",Strength,2.7,4,25.28
28,Male,76.3,1.62,162,1.16," 1,034 ",Strength,2.3,3,29.07
45,Female,44.5,1.65,148,1.44, 959 ,Yoga,1.6,3,16.35
42,Female,50.7,1.75,162,1.29, 940 ,Strength,1.9,3,16.56
40,Female,55.1,1.61,158,1.55," 1,224 ",Yoga,2.7,4,21.26
48,Male,73.7,1.61,121,1.36, 815 ,Cardio,3.6,4,28.43
47,Male,55.6,1.77,138,1.2, 820 ,Cardio,2.9,4,17.75
59,Male,86.9,1.76,123,1.13, 688 ,Strength,3.1,3,28.05
52,Female,60.3,1.68,125,1.6, 900 ,Strength,2.7,4,21.36
24,Female,40.4,1.64,168,0.99, 832 ,HIIT,1.9,2,15.02
33,Female,78.5,1.66,156,1.29," 1,006 ",HIIT,1.9,4,28.49
43,Male,102.6,1.72,147,0.82, 597 ,Strength,2,2,34.68
19,Male,110.8,1.91,149,1.31," 1,074 ",Strength,2.9,2,30.37
18,Female,60.9,1.79,126,1.11, 699 ,Cardio,2.1,2,19.01
29,Male,55.7,1.61,128,1.41, 993 ,Strength,2.3,3,21.49
22,Male,110.5,1.92,144,1.16, 919 ,HIIT,3.3,3,29.98
54,Male,55.2,1.71,152,0.77, 579 ,Cardio,2.8,2,18.88
49,Male,46.5,1.72,120,1.4, 832 ,Yoga,2.6,4,15.72
26,Female,70.9,1.66,125,0.81, 506 ,HIIT,1.7,3,25.73
58,Male,74.6,1.75,137,1.09, 739 ,HIIT,2.9,2,24.36
52,Male,45.1,1.72,129,0.93, 594 ,Cardio,3.3,2,15.24
36,Male,99.9,1.99,147,1.33," 1,075 ",Yoga,2.5,3,25.23
33,Male,117,1.61,130,1.04, 744 ,HIIT,2.4,3,45.14
20,Female,75.9,1.73,152,1.39," 1,056 ",Strength,2.1,4,25.36
37,Female,71.2,1.64,120,1.11, 666 ,HIIT,1.7,3,26.47
41,Male,78.8,1.72,132,1.01, 660 ,Cardio,3.1,4,26.64
50,Male,50.6,1.69,156,1.31," 1,012 ",Cardio,3,2,17.72
41,Male,82.5,1.79,139,1.69," 1,163 ",Cardio,3.5,4,25.75
28,Male,108.5,1.79,120,1.33, 878 ,HIIT,2.1,4,33.86
25,Male,49.9,1.98,122,1.15, 772 ,Yoga,2.1,3,12.73
53,Male,125.1,1.91,137,0.52, 353 ,Strength,3.1,2,34.29
55,Female,79.7,1.66,160,1.06, 763 ,Cardio,1.9,2,28.92
57,Male,126.8,1.63,133,0.96, 632 ,Yoga,2.1,2,47.72
37,Female,54.6,1.57,150,1.31, 982 ,Strength,2.4,3,22.15
52,Female,47.8,1.54,146,1.34, 880 ,Cardio,1.9,3,20.16
42,Male,97.9,1.91,136,1.01, 680 ,Strength,2.8,3,26.84
52,Female,63.1,1.54,165,1.36," 1,010 ",Strength,1.8,3,26.61
42,Female,72.4,1.69,148,1.07, 713 ,Yoga,2.3,3,25.35
46,Female,58.9,1.7,155,1.52," 1,060 ",Strength,2.7,4,20.38
35,Female,50.4,1.6,156,1.03, 803 ,Cardio,1.9,4,19.69
35,Female,64.2,1.59,145,1.63," 1,182 ",Yoga,2.7,5,25.39
19,Female,58.8,1.77,136,1.4, 952 ,HIIT,2.7,2,18.77
52,Male,105.2,1.62,141,1.36, 949 ,HIIT,3.2,3,40.09
33,Female,45.9,1.5,144,0.92, 662 ,Yoga,1.7,3,20.4
58,Female,65.2,1.63,121,1.12, 610 ,HIIT,2,3,24.54
53,Female,56.3,1.79,141,1.52, 964 ,Strength,2.7,5,17.57
50,Male,90,1.7,124,0.81, 497 ,Cardio,2.7,2,31.14
21,Female,60,1.7,123,1.97," 1,212 ",Strength,2.7,5,20.76
50,Male,51.5,1.71,155,1.48," 1,136 ",Yoga,2.9,2,17.61
31,Female,63.1,1.64,125,1.54, 962 ,Cardio,2.7,4,23.46
38,Male,91.5,1.77,140,0.8, 616 ,Yoga,3.4,2,29.21
37,Male,48.7,1.67,132,1.39," 1,009 ",Yoga,3,2,17.46
25,Female,57.8,1.56,156,1.35," 1,053 ",Yoga,1.6,3,23.75
24,Female,42,1.75,144,0.83, 598 ,Strength,2.3,3,13.71
20,Male,128.4,1.92,145,0.63, 502 ,Cardio,2,2,34.83
34,Female,74.2,1.57,158,1.47," 1,161 ",Cardio,2.4,3,30.1
50,Male,89.6,1.68,139,1.79," 1,232 ",Cardio,3.5,5,31.75
29,Male,125.9,2,152,1.36," 1,137 ",Strength,3.1,4,31.48
39,Male,105.5,1.99,133,0.81, 593 ,HIIT,2.5,2,26.64
39,Male,93.4,1.7,155,1.1, 938 ,Strength,2.5,4,32.32
47,Male,82.1,1.84,136,1.37, 922 ,Strength,3.4,4,24.25
55,Female,42.9,1.69,140,0.9, 567 ,Yoga,2.4,2,15.02
55,Male,128.4,1.68,165,1.13, 923 ,Cardio,2.6,4,45.49
25,Male,112.4,1.96,135,1.42," 1,054 ",Cardio,2.5,2,29.26
44,Female,77.7,1.79,165,1.41," 1,047 ",HIIT,2.2,3,24.25
44,Male,89.3,1.99,135,1.4, 936 ,HIIT,2,4,22.55
51,Female,70.3,1.55,139,1.4, 876 ,Yoga,1.6,3,29.26
38,Female,59.1,1.72,148,1.07, 792 ,Cardio,1.7,3,19.98
47,Female,49.9,1.69,147,1.48, 979 ,HIIT,1.7,3,17.47
50,Male,101.7,1.67,127,0.53, 333 ,HIIT,2.9,2,36.47
45,Male,93,1.91,143,1.03, 729 ,Cardio,3.7,3,25.49
50,Male,87.4,1.6,122,0.77, 465 ,Strength,3.1,2,34.14
22,Female,55.1,1.61,144,1.62," 1,166 ",HIIT,2.7,4,21.26
36,Male,123.7,1.69,138,1.3, 987 ,Cardio,2.1,4,43.31
21,Female,61.3,1.57,152,1.94," 1,474 ",HIIT,2.7,4,24.87
52,Male,72.3,1.94,121,1.46, 874 ,Yoga,2.9,3,19.21
34,Female,69.2,1.53,134,1.36, 911 ,HIIT,2.1,2,29.56
45,Male,81.4,1.61,141,1.14, 796 ,Cardio,2.2,4,31.4
47,Male,84.8,1.86,129,1.85," 1,181 ",HIIT,3.5,5,24.51
46,Male,55.1,1.72,137,1.43, 970 ,Yoga,3.6,3,18.62
23,Female,59,1.78,141,1.67," 1,177 ",Yoga,2.7,5,18.62
52,Female,64.9,1.51,165,1.83," 1,359 ",HIIT,2.7,4,28.46
58,Male,109.7,1.75,168,1.01, 840 ,HIIT,2.7,2,35.82
54,Male,78.4,1.9,146,0.81, 585 ,Yoga,3.7,2,21.72
41,Female,76.7,1.79,132,1.4, 832 ,Yoga,2,4,23.94
46,Female,63.1,1.61,152,1, 684 ,Strength,2.2,4,24.34
48,Female,62.9,1.58,124,1.98," 1,105 ",Strength,2.7,4,25.2
52,Male,85.6,1.74,145,1.84," 1,321 ",Yoga,3.5,4,28.27
50,Female,66.3,1.57,132,1.25, 742 ,HIIT,1.6,2,26.9
38,Male,61.3,1.97,146,1.37," 1,100 ",Cardio,2.8,3,15.8
49,Female,44.1,1.65,133,1.16, 694 ,HIIT,1.8,4,16.2
40,Male,63.8,1.62,143,1.3," 1,022 ",HIIT,3.4,2,24.31
50,Female,55.4,1.55,122,1.85," 1,016 ",Strength,2.7,4,23.06
20,Female,74.7,1.58,166,1.04, 863 ,Strength,2.4,3,29.92
35,Female,78,1.67,168,1.13, 949 ,Strength,2.5,4,27.97
42,Female,57.5,1.67,149,1.14, 764 ,Yoga,2.4,2,20.62
59,Female,60.7,1.73,154,1.03, 714 ,Yoga,2.5,3,20.28
48,Male,69,1.74,167,1.48," 1,223 ",HIIT,2.3,3,22.79
20,Female,75.8,1.78,133,1.42, 944 ,HIIT,2,4,23.92
57,Female,75.7,1.63,131,0.69, 407 ,Cardio,2.3,3,28.49
41,Female,71.2,1.64,147,1.42, 939 ,HIIT,2.3,3,26.47
49,Male,85,1.68,163,1.82," 1,468 ",HIIT,3.5,4,30.12
39,Female,63.6,1.56,148,1.22, 903 ,Strength,2.4,2,26.13
40,Male,73.2,1.94,162,0.81, 722 ,Strength,2.4,2,19.45
19,Female,48.3,1.52,136,0.96, 653 ,Strength,1.6,2,20.91
44,Female,42.8,1.78,159,1.49," 1,066 ",Strength,2.6,3,13.51
59,Male,88.1,1.76,168,1.35," 1,123 ",Strength,3,3,28.44
19,Female,72.4,1.75,140,1.2, 840 ,Cardio,1.7,4,23.64
43,Male,73.2,1.88,142,1.17, 822 ,Cardio,3.3,3,20.71
34,Male,110.5,1.86,139,1.42," 1,086 ",Cardio,3.6,2,31.94
57,Female,46.1,1.76,130,1.44, 842 ,Strength,1.7,3,14.88
50,Male,90.8,1.71,153,1.07, 810 ,Yoga,3.4,4,31.05
26,Female,59.3,1.51,129,1.7," 1,096 ",Strength,2.7,5,26.01
56,Female,45.1,1.73,129,0.83, 482 ,Strength,2.6,3,15.07
46,Male,45,1.77,162,1.48," 1,187 ",Cardio,3.6,3,14.36
59,Male,89.4,1.62,125,1.43, 885 ,Strength,3.6,3,34.06
43,Male,127.7,1.69,155,1.14, 875 ,Cardio,2.9,3,44.71
52,Male,70.9,1.72,143,1.31, 927 ,Strength,2.6,3,23.97
42,Female,49.2,1.5,131,1.15, 678 ,HIIT,1.5,3,21.87
41,Female,62.3,1.79,162,1.99," 1,451 ",Yoga,2.7,5,19.44
30,Male,64.1,1.87,142,0.64, 500 ,Yoga,2.1,2,18.33
24,Female,69.7,1.75,146,1.41," 1,029 ",Cardio,2,3,22.76
53,Female,56.9,1.59,164,1.49," 1,100 ",HIIT,2,3,22.51
37,Female,53,1.71,156,1.13, 881 ,Yoga,1.7,4,18.13
18,Female,72.7,1.55,125,0.84, 525 ,Cardio,2,3,30.26
25,Male,76.5,1.96,120,0.67, 442 ,Strength,2.3,3,19.91
33,Male,113.6,1.99,125,1.38, 949 ,Strength,3.4,2,28.69
31,Female,62.5,1.62,169,1.56," 1,318 ",HIIT,2.7,4,23.81
29,Male,95.2,1.86,141,0.64, 496 ,Yoga,2.5,2,27.52
40,Male,51.7,1.82,160,0.9, 792 ,Strength,3,3,15.61
32,Male,105.3,1.67,143,0.57, 448 ,Cardio,2.9,3,37.76
45,Female,71.2,1.68,144,1.37, 888 ,Strength,1.6,3,25.23
51,Female,78.1,1.51,134,0.92, 555 ,Strength,2.6,3,34.25
19,Female,50.6,1.68,145,1.21, 877 ,Yoga,2.1,3,17.93
49,Male,70.2,1.89,127,0.7, 440 ,Yoga,2.6,3,19.65
40,Female,62.6,1.53,143,1.93," 1,380 ",Cardio,2.7,5,26.74
39,Female,60.6,1.65,167,0.92, 768 ,HIIT,1.7,3,22.26
42,Male,76.4,1.97,157,1.14, 886 ,HIIT,2.6,3,19.69
39,Female,63.3,1.71,125,1.88," 1,175 ",Strength,2.7,4,21.65
39,Female,68.6,1.64,154,1.33," 1,024 ",Cardio,1.5,3,25.51
59,Male,123.3,1.88,161,1.3," 1,036 ",HIIT,2.6,4,34.89
23,Male,107,1.94,120,1.35, 891 ,HIIT,2.9,2,28.43
32,Male,68.3,1.92,165,1.42," 1,289 ",Strength,3.5,2,18.53
54,Female,47.8,1.6,155,1.19, 830 ,Cardio,2.3,4,18.67
50,Female,58.4,1.79,131,1.6, 943 ,HIIT,2.7,4,18.23
25,Female,74.3,1.71,157,1.43," 1,123 ",Yoga,1.6,3,25.41
22,Male,106.8,1.82,130,1, 715 ,Yoga,2.3,4,32.24
56,Male,125.5,1.8,131,1.26, 817 ,Strength,2.7,4,38.73
21,Female,55.2,1.55,161,1.37," 1,103 ",Strength,1.7,4,22.98
23,Female,71.4,1.72,169,1.25," 1,056 ",Strength,1.5,2,24.13
49,Male,77.7,1.61,158,1.03, 806 ,Strength,3.4,3,29.98
47,Male,88.4,1.6,126,1.86," 1,160 ",HIIT,3.5,5,34.53
52,Male,104.8,1.99,130,0.93, 598 ,Cardio,2,2,26.46
57,Male,82.2,1.69,155,1.15, 882 ,Strength,3.4,4,28.78
33,Female,68.2,1.75,150,0.85, 638 ,Strength,1.7,2,22.27
30,Male,91.4,1.99,152,1.37," 1,145 ",HIIT,3.7,3,23.08
59,Female,42.1,1.65,132,1.22, 725 ,Strength,2.2,2,15.46
47,Female,68.7,1.76,137,1.37, 845 ,Strength,2.4,3,22.18
36,Female,47.2,1.74,160,1.5," 1,200 ",Cardio,1.6,4,15.59
34,Male,92,1.76,143,0.73, 574 ,Yoga,3.5,3,29.7
36,Male,56.2,1.95,128,1.09, 767 ,Strength,3.4,4,14.78
45,Male,58.4,1.72,150,1.31, 973 ,HIIT,3.1,4,19.74
43,Male,82.9,1.95,160,1.9," 1,505 ",Cardio,3.5,5,21.8
54,Female,66.9,1.74,129,1.24, 720 ,HIIT,2.1,2,22.1
43,Male,66.3,1.85,121,1.18, 707 ,Cardio,3.2,2,19.37
40,Male,93.6,1.93,157,1.38," 1,192 ",Cardio,2,3,25.13
26,Female,64.1,1.5,134,1.93," 1,293 ",Strength,2.7,5,28.49
29,Male,86.7,1.62,122,1.52," 1,020 ",Strength,3.5,4,33.04
18,Female,62,1.59,162,1.23, 996 ,Strength,2.2,4,24.52
18,Female,58.1,1.61,150,1.9," 1,425 ",Yoga,2.7,4,22.41
51,Female,64.9,1.6,125,1.49, 838 ,Yoga,2.5,4,25.35
49,Female,69.3,1.62,122,1.14, 626 ,HIIT,1.9,4,26.41
42,Female,42.7,1.74,130,1.04, 608 ,Strength,1.6,3,14.1
57,Female,51.4,1.63,134,1.2, 724 ,Yoga,2,4,19.35
18,Female,67.4,1.6,164,0.6, 492 ,Strength,2.4,3,26.33
33,Female,55.6,1.61,147,1.77," 1,301 ",Yoga,2.7,4,21.45
56,Male,125.3,1.86,129,1, 639 ,Yoga,2.2,3,36.22
22,Male,102.1,1.85,157,1.48," 1,278 ",Cardio,2.4,4,29.83
39,Male,61.9,1.77,166,1.32," 1,205 ",Strength,2.3,3,19.76
46,Male,108.8,1.64,169,1.4," 1,171 ",Strength,3.4,3,40.45
20,Female,51.1,1.58,169,0.5, 422 ,Yoga,1.6,2,20.47
29,Male,81.7,1.99,126,1.45," 1,005 ",Strength,3.2,2,20.63
43,Female,42.7,1.66,134,0.73, 440 ,Yoga,1.9,2,15.5
33,Male,81.8,1.99,137,1.59," 1,198 ",Strength,3.5,4,20.66
54,Male,54.6,1.76,137,1.28, 868 ,Cardio,3.3,4,17.63
39,Male,107.7,1.88,160,0.72, 634 ,Strength,3.6,2,30.47
46,Female,56.9,1.6,143,0.88, 566 ,Cardio,1.6,3,22.23
31,Male,78.8,1.71,121,1.49, 992 ,HIIT,2.5,4,26.95
45,Female,48.2,1.64,159,1.25, 894 ,Strength,2.5,4,17.92
22,Female,50.7,1.59,139,1.27, 883 ,Strength,1.8,3,20.05
47,Male,86.6,1.99,153,1.98," 1,500 ",Strength,3.5,4,21.87
22,Male,96.3,1.63,162,1.35," 1,203 ",Cardio,2.4,4,36.25
29,Male,80.8,1.98,145,1.65," 1,316 ",Strength,3.5,5,20.61
33,Female,58,1.53,126,1.84," 1,159 ",Strength,2.7,5,24.78
43,Male,95.9,1.85,157,1.28, 995 ,Yoga,3.4,2,28.02
43,Female,61.5,1.58,149,1.86," 1,247 ",HIIT,2.7,5,24.64
38,Female,40.6,1.79,161,0.62, 499 ,Cardio,2.7,2,12.67
56,Male,82.5,1.87,124,1.51, 927 ,Yoga,3.5,5,23.59
53,Male,105.1,1.84,130,0.69, 444 ,Cardio,2.9,3,31.04
50,Female,58.1,1.58,120,1.93," 1,042 ",Yoga,2.7,5,23.27
47,Female,61,1.76,153,1.54," 1,060 ",HIIT,2.7,5,19.69
54,Female,64.5,1.53,120,1.74, 940 ,Yoga,2.7,4,27.55
40,Male,58.2,1.98,138,1.43," 1,085 ",Cardio,2.5,3,14.85
27,Female,69.5,1.76,121,0.94, 569 ,Strength,2,3,22.44
22,Male,62.2,1.84,140,0.51, 393 ,Strength,2.3,3,18.37
53,Female,68,1.7,139,1.06, 663 ,HIIT,2.4,4,23.53
51,Female,56.3,1.5,142,1.43, 914 ,Cardio,2.4,3,25.02
48,Male,94.5,1.7,140,1.01, 700 ,Cardio,3.5,3,32.7
27,Female,58,1.79,143,1.39, 994 ,Cardio,1.5,2,18.1
36,Male,84,1.94,123,1.8," 1,218 ",HIIT,3.5,5,22.32
49,Male,61,1.87,131,1.14, 739 ,Strength,3,4,17.44
18,Female,64.8,1.53,141,1.98," 1,396 ",Yoga,2.7,5,27.68
22,Male,45.7,1.77,139,1.04, 795 ,HIIT,2.4,3,14.59
21,Male,80.9,1.9,137,1.8," 1,356 ",Yoga,3.5,4,22.41
33,Female,64.1,1.63,120,1.58, 948 ,Strength,2.7,5,24.13
41,Male,67,1.77,149,1.22, 900 ,HIIT,2.6,3,21.39
33,Male,106.5,1.6,152,1.4," 1,170 ",Strength,3.3,4,41.6
19,Male,95.1,1.85,143,1.21, 952 ,Yoga,2.3,4,27.79
45,Female,65.5,1.57,133,0.66, 395 ,Cardio,2.3,2,26.57
49,Male,105.7,1.64,155,1.2, 921 ,Cardio,3.1,3,39.3
44,Female,48,1.76,124,0.88, 491 ,Yoga,2.6,2,15.5
37,Female,69.5,1.5,130,0.69, 448 ,Cardio,2.4,2,30.89
41,Male,66.1,1.69,143,0.77, 545 ,Yoga,3.4,2,23.14
29,Male,68,1.7,150,0.76, 627 ,HIIT,2.9,2,23.53
52,Male,50.3,1.78,132,0.85, 555 ,HIIT,2.3,2,15.88
50,Female,69.3,1.68,135,1.2, 729 ,HIIT,2,2,24.55
50,Male,86.7,1.63,143,1.7," 1,203 ",Cardio,3.5,4,32.63
54,Male,125.9,1.94,132,1.35, 882 ,Strength,2.9,3,33.45
29,Male,88.1,1.93,143,1.88," 1,479 ",Cardio,3.5,5,23.65
20,Male,124.3,1.82,145,1.25, 997 ,Cardio,3.2,3,37.53
18,Male,62,1.85,121,0.88, 586 ,Strength,3,3,18.12
50,Female,69.7,1.72,135,1.24, 753 ,Strength,2,4,23.56
57,Female,60.9,1.52,157,1.31, 926 ,Strength,1.8,3,26.36
27,Male,76.5,1.97,165,1.13," 1,025 ",Strength,2.3,2,19.71
46,Male,94.7,1.82,120,1.47, 873 ,Cardio,3.2,3,28.59
30,Male,67.9,1.75,168,1.25," 1,155 ",Yoga,3.1,2,22.17
29,Male,121.1,1.87,130,1.31, 937 ,HIIT,3.2,4,34.63
48,Female,71.5,1.64,154,1.46," 1,012 ",Yoga,1.9,4,26.58
19,Male,98.6,1.7,162,0.83, 740 ,Cardio,2.4,2,34.12
52,Female,68.2,1.63,148,1.17, 779 ,Strength,2.4,3,25.67
40,Female,57.7,1.69,156,1.18, 920 ,HIIT,2.4,4,20.2
34,Male,124.6,1.63,136,1.41," 1,055 ",HIIT,2.8,3,46.9
43,Female,73,1.59,158,1.31, 931 ,Yoga,2.2,3,28.88
25,Female,59.4,1.51,161,1.62," 1,304 ",Cardio,2.7,5,26.05
46,Female,52,1.65,147,0.7, 463 ,Cardio,1.9,2,19.1
43,Female,42.2,1.65,148,1.33, 886 ,Cardio,2.3,3,15.5
27,Male,89.3,1.64,162,1.82," 1,622 ",HIIT,3.5,4,33.2
43,Male,110,1.76,122,1.09, 658 ,Yoga,3.4,3,35.51
51,Female,66.2,1.58,129,0.86, 499 ,HIIT,2.3,3,26.52
58,Male,58.6,1.66,161,1.21, 964 ,HIIT,2.9,2,21.27
24,Male,51,1.67,133,0.97, 710 ,Strength,2.8,3,18.29
21,Male,101.5,1.95,131,0.97, 699 ,Yoga,3.1,3,26.69
28,Male,114.2,1.87,166,1.05, 959 ,Strength,3.2,3,32.66
46,Male,54.4,1.72,161,0.91, 725 ,Cardio,2.9,2,18.39
53,Female,52.4,1.57,149,1.34, 898 ,HIIT,2.2,3,21.26
42,Male,85.2,1.81,151,1.54," 1,151 ",Yoga,3.5,5,26.01
38,Male,83.6,1.74,151,1.66," 1,379 ",Cardio,3.5,5,27.61
53,Male,115.4,1.92,161,1.36," 1,084 ",Yoga,2.2,4,31.3
27,Male,71.2,1.97,151,0.74, 615 ,HIIT,3.6,3,18.35
54,Female,78.1,1.6,145,1.1, 718 ,Yoga,2.4,4,30.51
26,Female,54.2,1.65,120,1.07, 642 ,Cardio,1.9,4,19.91
41,Female,77.6,1.76,161,1.27, 920 ,Strength,2.2,4,25.05
52,Female,44.1,1.62,121,1.41, 768 ,HIIT,1.6,3,16.8
52,Male,85.5,1.8,136,1.7," 1,144 ",Strength,3.5,5,26.39
53,Female,47.8,1.76,149,1.06, 711 ,HIIT,1.5,4,15.43
35,Male,102.5,1.94,158,0.84, 730 ,Cardio,2.4,2,27.23
56,Male,118,1.9,126,0.66, 412 ,HIIT,3.2,2,32.69
49,Male,82.3,1.84,146,1.29, 932 ,Strength,3.4,4,24.31
41,Male,81.6,1.87,128,1.87," 1,185 ",HIIT,3.5,5,23.33
40,Male,60.2,1.88,141,1.22, 946 ,Cardio,3,3,17.03
49,Female,49.2,1.54,153,1.28, 881 ,HIIT,2.1,3,20.75
54,Female,46.6,1.5,165,1.38," 1,025 ",Strength,2,2,20.71
29,Female,68.7,1.72,168,1.08, 907 ,Cardio,1.7,4,23.22
30,Female,60.6,1.55,120,1.3, 780 ,Strength,1.6,3,25.22
40,Male,52.1,1.61,128,0.87, 612 ,HIIT,3.3,2,20.1
42,Female,46.6,1.77,139,0.61, 382 ,Yoga,2.6,2,14.87
52,Male,65.5,1.74,138,1.48," 1,011 ",Strength,2.8,4,21.63
58,Female,44.2,1.57,155,1.08, 753 ,HIIT,2.3,3,17.93
47,Male,89.1,1.84,159,1.44," 1,133 ",Yoga,3.6,3,26.32
34,Male,65.9,1.62,164,0.81, 731 ,Yoga,2.2,2,25.11
37,Female,55.6,1.57,123,0.97, 597 ,Cardio,2.4,2,22.56
42,Male,63.7,1.98,128,1.37, 868 ,Yoga,3,2,16.25
39,Male,86.2,1.82,160,1.96," 1,725 ",Strength,3.5,5,26.02
30,Female,59.2,1.63,141,1.85," 1,304 ",Strength,2.7,4,22.28
36,Male,85.4,1.88,137,1.98," 1,492 ",Yoga,3.5,5,24.16
53,Female,68.1,1.55,131,1.41, 831 ,HIIT,2.2,4,28.35
29,Female,60,1.62,161,0.85, 684 ,Strength,1.9,2,22.86
58,Female,74.8,1.69,162,1.28, 933 ,Strength,2.3,4,26.19
36,Male,90.3,1.65,158,1.38," 1,199 ",Cardio,3.4,4,33.17
29,Male,86.1,1.65,128,1.66," 1,169 ",HIIT,3.5,4,31.63
26,Male,73.7,1.66,125,0.93, 639 ,Yoga,2.2,2,26.75
24,Female,67.7,1.56,138,1.42, 980 ,HIIT,2.1,3,27.82
45,Male,78.3,1.96,167,1.29," 1,066 ",Cardio,2.2,3,20.38
31,Female,48.2,1.65,166,1.1, 913 ,Cardio,2.5,2,17.7
48,Female,56.8,1.51,126,1.37, 777 ,HIIT,2.1,4,24.91
36,Male,112.4,1.63,135,1.02, 757 ,Cardio,3.4,4,42.3
33,Female,59,1.67,124,0.9, 558 ,Cardio,1.9,3,21.16
22,Male,98.4,1.88,135,0.52, 386 ,Cardio,2.2,2,27.84
52,Male,66.5,1.6,120,1.34, 796 ,HIIT,2.1,4,25.98
29,Male,106.5,1.81,156,1.29," 1,107 ",Cardio,2.5,4,32.51
42,Male,88.4,1.93,158,1.68," 1,314 ",Yoga,3.5,4,23.73
38,Male,88.4,1.79,138,1.74," 1,321 ",Yoga,3.5,5,27.59
53,Female,53.3,1.74,156,1.37, 962 ,Strength,1.8,3,17.6
40,Female,58.1,1.56,136,0.61, 415 ,Yoga,2.2,2,23.87
33,Female,74.2,1.76,145,1.15, 834 ,Strength,1.5,4,23.95
56,Male,84.6,1.63,141,1.01, 705 ,HIIT,2.9,4,31.84
59,Male,78,1.92,127,0.72, 453 ,Cardio,2.7,3,21.16
56,Male,89,1.68,152,1.77," 1,332 ",Yoga,3.5,5,31.53
31,Female,42.7,1.76,121,1.46, 883 ,Strength,2.2,3,13.78
48,Male,83.9,1.82,149,1.9," 1,401 ",HIIT,3.5,5,25.33
22,Female,78.7,1.52,166,1.45," 1,204 ",Strength,2.3,3,34.06
52,Female,65.9,1.52,139,1.27, 794 ,Cardio,2.3,4,28.52
40,Male,76.9,1.92,137,1.13, 851 ,Yoga,3.7,4,20.86
46,Male,84.3,2,162,1.83," 1,467 ",HIIT,3.5,5,21.07
28,Female,62.4,1.6,129,1.1, 710 ,Strength,1.7,3,24.37
35,Male,63.7,1.74,143,1.03, 810 ,HIIT,2.7,4,21.04
29,Female,54.9,1.52,123,1.48, 910 ,Strength,2,3,23.76
26,Male,76.4,1.79,156,1.17," 1,004 ",Strength,2.7,3,23.84
27,Male,106.4,1.86,123,1.34, 907 ,Cardio,3.1,2,30.76
34,Female,68.4,1.5,132,1.37, 904 ,Cardio,2.1,4,30.4
55,Male,63.5,1.86,144,1.36, 969 ,Strength,2.9,4,18.35
24,Female,59.4,1.5,132,1.25, 825 ,Yoga,2,3,26.4
30,Male,113.4,1.91,137,1.27, 957 ,HIIT,3.7,3,31.08
57,Female,61.9,1.52,143,0.92, 592 ,HIIT,2.6,3,26.79
59,Female,70.7,1.68,121,1.17, 637 ,Cardio,1.9,3,25.05
26,Male,111.5,1.9,167,1.02, 937 ,Yoga,2.2,2,30.89
44,Female,72.1,1.66,152,1.4, 958 ,Strength,2.5,2,26.16
19,Male,56.9,1.87,138,0.61, 463 ,Cardio,3.7,3,16.27
22,Male,86.2,1.9,128,1.91," 1,345 ",Strength,3.5,5,23.88
46,Male,59.4,1.68,147,1.16, 844 ,Strength,2.5,4,21.05
54,Female,75.6,1.72,154,0.97, 672 ,Cardio,1.9,3,25.55
55,Female,76.3,1.73,158,1.08, 768 ,Yoga,2.6,3,25.49
36,Male,95.8,1.86,129,1.37, 972 ,HIIT,3.2,3,27.69
25,Male,120.6,1.83,120,1.04, 686 ,Cardio,2.5,3,36.01
18,Female,65.3,1.55,161,1.42," 1,143 ",Yoga,2.2,3,27.18
39,Male,85.3,1.89,140,0.77, 593 ,Strength,3.6,2,23.88
34,Male,68,1.68,128,0.67, 472 ,Cardio,3.4,2,24.09
24,Female,52.6,1.57,166,1.29," 1,071 ",HIIT,2.4,2,21.34
42,Male,63.3,1.77,134,1.32, 876 ,HIIT,3.3,3,20.2
21,Female,76.3,1.65,154,1.14, 878 ,Strength,1.7,3,28.03
53,Male,61,1.63,124,0.54, 331 ,Cardio,3.4,3,22.96
23,Female,67.8,1.61,160,1.34," 1,072 ",HIIT,1.8,2,26.16
48,Male,114.9,1.86,141,1.36, 949 ,Cardio,3.6,3,33.21
36,Male,88,1.71,160,1.87," 1,646 ",HIIT,3.5,5,30.09
56,Female,67.7,1.58,142,1.45, 927 ,Strength,1.9,2,27.12
44,Male,124.8,1.85,126,1.35, 842 ,Strength,3.5,4,36.46
27,Female,53,1.58,142,1.26, 895 ,Cardio,1.8,4,21.23
43,Male,61.2,1.88,163,1.03, 831 ,Yoga,2.9,3,17.32
36,Female,48.7,1.68,144,1.23, 886 ,Yoga,1.6,3,17.25
56,Female,50.6,1.7,146,1.29, 848 ,Strength,2.3,2,17.51
20,Female,72.6,1.73,160,1.27," 1,016 ",HIIT,2.5,3,24.26
30,Female,70.4,1.56,125,1.03, 644 ,Yoga,2.4,4,28.93
45,Male,52.5,1.88,153,1.08, 818 ,Strength,2.9,4,14.85
37,Male,76.3,1.77,128,1.36, 957 ,HIIT,2.1,4,24.35
45,Female,41.2,1.58,168,1.47," 1,111 ",HIIT,2.6,2,16.5
25,Female,55.3,1.76,152,1.56," 1,186 ",Yoga,2.7,4,17.85
58,Female,49.7,1.67,125,1.38, 776 ,Strength,2.3,4,17.82
56,Male,48.3,1.87,156,0.68, 525 ,HIIT,3.3,3,13.81
18,Male,83.2,1.96,150,1.83," 1,510 ",HIIT,3.5,4,21.66
20,Male,120.5,1.73,153,1.01, 850 ,Cardio,3.4,3,40.26
30,Male,121.6,2,160,1.24," 1,091 ",Cardio,3.3,4,30.4
45,Female,73,1.75,148,1.14, 759 ,Yoga,2,4,23.84
42,Female,57.5,1.67,133,1.76," 1,053 ",Cardio,2.7,5,20.62
50,Female,42.7,1.53,155,1.41, 983 ,Strength,2.4,4,18.24
55,Male,129.9,1.73,155,0.69, 529 ,Yoga,3.1,3,43.4
23,Male,108.6,1.92,134,0.89, 656 ,Yoga,3.5,2,29.46
49,Male,88.6,2,127,1.83," 1,150 ",Cardio,3.5,4,22.15
38,Female,49.7,1.51,145,1.25, 906 ,HIIT,2.5,3,21.8
33,Female,56.4,1.54,155,1.06, 822 ,Strength,1.5,3,23.78
38,Male,46.9,1.74,167,1.03, 946 ,Strength,2.6,4,15.49
28,Female,71.3,1.67,140,1.46," 1,022 ",Strength,1.5,4,25.57
54,Male,71.6,1.86,147,1.14, 830 ,Yoga,2.2,3,20.7
53,Male,82.3,1.61,123,1.87," 1,139 ",Strength,3.5,5,31.75
52,Female,70.6,1.69,135,1.36, 826 ,HIIT,2.2,3,24.72
36,Male,109.8,1.62,141,0.84, 651 ,HIIT,3.5,3,41.84
37,Female,73.5,1.69,131,0.54, 354 ,Cardio,1.6,2,25.73
35,Male,85.6,1.85,135,1.78," 1,322 ",Strength,3.5,5,25.01
58,Female,74.6,1.68,159,1.03, 737 ,Yoga,2,4,26.43
31,Female,63.2,1.8,157,0.59, 463 ,Cardio,2.6,2,19.51
32,Female,62.6,1.63,161,1.67," 1,344 ",HIIT,2.7,5,23.56
48,Male,87.1,1.76,156,1.81," 1,398 ",Strength,3.5,5,28.12
18,Male,82.3,1.84,148,1.73," 1,408 ",HIIT,3.5,5,24.31
20,Female,64.3,1.78,137,1.71," 1,171 ",Cardio,2.7,4,20.29
33,Female,53.7,1.66,129,1.25, 806 ,HIIT,2.5,3,19.49
40,Male,63,2,161,1.42," 1,257 ",Strength,2.9,4,15.75
28,Male,128.4,1.86,158,1.06, 921 ,Strength,3.3,4,37.11
29,Male,88,1.89,137,1.75," 1,319 ",Cardio,3.5,5,24.64
27,Female,63.7,1.52,120,1.19, 714 ,Strength,2.1,4,27.57
49,Male,83.7,1.87,158,1.29," 1,009 ",HIIT,2.3,4,23.94
33,Male,102.6,1.75,140,1.4," 1,078 ",HIIT,2.2,3,33.5
25,Female,77.7,1.55,120,0.55, 330 ,Yoga,1.7,2,32.34
55,Male,87.5,1.88,134,1.19, 789 ,Yoga,2.6,4,24.76
29,Male,87,1.86,123,1.52," 1,028 ",Yoga,3.5,4,25.15
41,Male,82.8,1.66,139,1.97," 1,355 ",HIIT,3.5,5,30.05
45,Female,65.4,1.68,129,0.76, 441 ,HIIT,2.6,3,23.17
25,Female,47.2,1.71,142,0.89, 632 ,Cardio,2.5,2,16.14
45,Female,58.2,1.7,160,0.95, 684 ,Yoga,2,3,20.14
53,Female,73.5,1.55,153,1.17, 806 ,HIIT,2.1,4,30.59
43,Female,55.2,1.73,165,1.67," 1,240 ",Cardio,2.7,5,18.44
25,Female,64.4,1.71,167,1.12, 935 ,HIIT,1.8,3,22.02
45,Female,73.5,1.74,152,1.18, 807 ,Cardio,2.3,4,24.28
45,Male,89.6,1.81,153,1.7," 1,287 ",Yoga,3.5,5,27.35
54,Male,86.5,1.76,158,1.48," 1,158 ",Yoga,3.4,3,27.92
58,Female,46.1,1.67,129,1.28, 743 ,Yoga,1.8,4,16.53
53,Male,68.5,1.97,139,1.3, 894 ,HIIT,2.1,3,17.65
44,Male,94.6,1.84,120,1.26, 748 ,HIIT,3.1,4,27.94
34,Female,54.2,1.52,132,1.13, 746 ,Cardio,2.2,3,23.46
26,Male,47.7,1.77,120,1.15, 759 ,Strength,2.7,3,15.23
50,Male,52.2,1.84,124,1.38, 847 ,Strength,3.1,4,15.42
37,Male,88.8,1.95,135,1.58," 1,173 ",Yoga,3.5,5,23.35
30,Male,101,1.68,134,1.46," 1,076 ",Strength,2.9,4,35.79
45,Male,118.4,1.95,168,1.06, 881 ,Yoga,2.4,3,31.14
46,Female,47.9,1.72,147,1.41, 933 ,Cardio,2,3,16.19
30,Female,51.5,1.74,150,1.08, 810 ,Strength,2,3,17.01
52,Female,79.9,1.51,142,0.75, 479 ,Strength,2.6,3,35.04
23,Male,121.3,1.85,167,0.72, 661 ,Yoga,3.6,2,35.44
35,Female,78.9,1.64,164,1.28," 1,050 ",Cardio,2.6,4,29.34
22,Male,88.5,1.62,162,1.88," 1,675 ",Strength,3.5,5,33.72
42,Male,73.5,1.63,136,0.52, 350 ,Strength,3.2,3,27.66
19,Male,127.9,1.93,168,1.27," 1,173 ",Strength,3,4,34.34
27,Male,88.5,1.98,153,1.8," 1,515 ",Cardio,3.5,4,22.57
47,Female,43.4,1.62,132,0.51, 303 ,Cardio,2.3,3,16.54
22,Female,42.8,1.56,133,1.47, 978 ,Strength,2.6,3,17.59
50,Male,64.5,1.79,130,1.17, 753 ,Yoga,2.4,4,20.13
18,Female,50.7,1.53,147,1.29, 948 ,Yoga,2.1,3,21.66
35,Male,59.2,1.66,161,1.3," 1,151 ",Strength,3.2,3,21.48
49,Female,78.9,1.73,151,1.38, 938 ,Cardio,2.3,2,26.36
28,Female,78.7,1.63,154,1.1, 847 ,Strength,1.8,3,29.62
38,Male,68.7,1.92,150,1.31," 1,081 ",Cardio,3,4,18.64
43,Female,53.1,1.59,136,0.82, 502 ,Strength,2.5,2,21
42,Male,64.8,1.65,166,1.1, 904 ,Cardio,2.8,3,23.8
39,Female,50.3,1.61,128,1.17, 749 ,HIIT,2.5,2,19.41
44,Male,102.3,1.63,129,1.34, 856 ,Yoga,2.6,4,38.5
30,Male,62.9,1.92,127,1.13, 789 ,HIIT,3.6,2,17.06
50,Female,56.5,1.6,140,1.88," 1,184 ",Yoga,2.7,5,22.07
51,Female,74.6,1.55,132,0.71, 422 ,Cardio,2.1,2,31.05
58,Male,52,1.79,169,1.12, 937 ,HIIT,3,3,16.23
52,Female,52.1,1.67,124,1.5, 837 ,Yoga,1.5,2,18.68
18,Female,72.2,1.54,125,0.97, 606 ,Strength,1.7,2,30.44
38,Male,85.8,1.8,149,1.72," 1,410 ",Cardio,3.5,4,26.48
23,Male,81.4,1.85,150,1.6," 1,320 ",Cardio,3.5,4,23.78
45,Female,50.9,1.65,136,1.45, 887 ,Strength,2.3,2,18.7
34,Male,52,1.78,130,1.38, 987 ,Strength,2.7,4,16.41
22,Male,71,1.93,139,1.42," 1,086 ",Yoga,2.9,4,19.06
48,Male,80.6,1.77,167,1.51," 1,248 ",Cardio,3.5,4,25.73
22,Female,58.3,1.72,128,1, 640 ,Yoga,1.6,3,19.71
55,Female,63,1.7,121,1.32, 719 ,Strength,2.5,3,21.8
20,Male,111,1.94,156,1.02, 875 ,Cardio,3.3,4,29.49
40,Female,52.6,1.66,120,1.27, 762 ,Strength,1.7,3,19.09
54,Male,116.4,2,123,1.13, 688 ,Yoga,3.1,3,29.1
54,Female,75.6,1.61,155,1.41, 983 ,Yoga,2.5,4,29.17
27,Male,61.6,1.8,144,1.48," 1,172 ",Yoga,3.1,2,19.01
27,Male,108,1.8,122,1.38, 926 ,Cardio,2.5,4,33.33
36,Female,59.3,1.75,128,0.99, 634 ,Strength,2.3,3,19.36
34,Male,75.7,1.94,141,1.18, 915 ,Strength,2.4,4,20.11
38,Female,56.3,1.6,142,1.21, 859 ,Yoga,1.9,4,21.99
31,Female,58.2,1.73,131,1.17, 766 ,Yoga,1.8,3,19.45
26,Male,55.7,1.68,129,1.13, 802 ,Yoga,2.9,3,19.73
18,Male,125.9,1.67,153,1.46," 1,229 ",Yoga,2.2,3,45.14
30,Female,62.7,1.67,162,1.02, 826 ,HIIT,2.6,4,22.48
21,Male,86.6,1.86,129,1.37, 972 ,HIIT,2.6,3,25.03
18,Male,64.5,1.82,149,1.2, 983 ,HIIT,2.4,3,19.47
57,Male,76.6,1.86,141,1.14, 796 ,Yoga,2.8,4,22.14
49,Male,81.4,1.83,125,1.98," 1,225 ",Yoga,3.5,5,24.31
51,Male,60.7,1.71,169,1.14, 954 ,Strength,2.5,2,20.76
45,Female,57.2,1.55,121,1.67, 909 ,Cardio,2.7,5,23.81
48,Female,73,1.59,149,1.19, 798 ,Strength,2.1,3,28.88
25,Male,123.8,1.99,121,1.13, 752 ,HIIT,2.6,3,31.26
56,Male,93.6,1.66,151,1.37," 1,024 ",Strength,2.2,2,33.97
43,Male,76.8,1.92,161,1.24, 988 ,Yoga,2.5,3,20.83
51,Female,54.7,1.53,135,1.11, 674 ,HIIT,2,4,23.37
20,Male,92.3,1.94,131,1.14, 821 ,HIIT,2.1,3,24.52
29,Female,71.8,1.55,120,1.2, 720 ,Cardio,2.4,4,29.89
18,Female,66.9,1.57,127,1.07, 679 ,Cardio,2.2,3,27.14
22,Female,48.7,1.76,167,1.37," 1,144 ",HIIT,2.2,4,15.72
47,Male,66.2,1.71,169,1.42," 1,188 ",HIIT,2.9,3,22.64
47,Female,40,1.76,132,0.8, 475 ,Strength,2.2,3,12.91
34,Male,112.4,1.85,134,1.18, 870 ,HIIT,3.6,4,32.84
40,Female,70,1.55,163,0.85, 693 ,Yoga,1.5,3,29.14
32,Male,84,1.74,127,1.45," 1,013 ",Strength,2.1,3,27.74
54,Female,43.8,1.65,129,1.29, 749 ,Yoga,1.7,4,16.09
38,Male,123.3,1.62,165,1.34," 1,216 ",Yoga,2.3,4,46.98
31,Female,57.9,1.56,124,1.8," 1,116 ",Yoga,2.7,5,23.79
19,Male,82.4,1.96,169,1.9," 1,766 ",HIIT,3.5,5,21.45
28,Male,84.8,1.79,138,1.35," 1,025 ",Cardio,2.3,4,26.47
56,Male,109.6,1.66,166,1.29," 1,060 ",Cardio,3.1,3,39.77
55,Male,86.4,1.77,157,1, 777 ,Yoga,2.8,3,27.58
51,Female,63.9,1.8,130,1.07, 626 ,HIIT,2.7,4,19.72
55,Female,70.8,1.62,162,0.54, 394 ,Strength,1.8,3,26.98
51,Male,115.3,1.67,139,1.38, 950 ,Yoga,2.5,3,41.34
35,Female,55.3,1.56,139,1.71," 1,188 ",Strength,2.7,5,22.72
47,Male,73.9,1.8,140,1.36, 942 ,Strength,3.7,3,22.81
32,Male,97.3,1.96,137,1.36," 1,025 ",HIIT,3.4,3,25.33
44,Female,60.4,1.65,169,1.27, 966 ,HIIT,2.1,4,22.19
51,Male,49.3,1.61,129,1.36, 868 ,Cardio,2.9,2,19.02
55,Male,91.8,1.78,153,1.44," 1,091 ",Cardio,3.4,3,28.97
50,Female,73.6,1.55,145,0.89, 581 ,HIIT,2.1,3,30.63
41,Male,47.1,1.78,149,1.26, 929 ,Yoga,2.4,3,14.87
32,Male,65.2,1.62,128,0.58, 408 ,Cardio,3.4,2,24.84
47,Male,87.2,1.64,165,2," 1,634 ",Strength,3.5,4,32.42
59,Male,96.7,1.71,150,0.57, 423 ,Yoga,2.9,3,33.07
34,Female,46.9,1.61,161,1.02, 821 ,Strength,1.7,3,18.09
22,Female,72.1,1.62,123,1.38, 849 ,HIIT,2.1,3,27.47
46,Female,62.5,1.54,125,1.61, 906 ,Strength,2.7,4,26.35
21,Male,110.7,1.69,133,1.06, 775 ,Yoga,2.7,3,38.76
27,Male,102.6,1.83,123,1.41, 954 ,HIIT,3.5,3,30.64
34,Female,64.3,1.62,145,1.76," 1,276 ",Yoga,2.7,5,24.5
27,Male,80.7,1.61,166,1.75," 1,598 ",Strength,3.5,4,31.13
34,Male,115.3,1.81,167,1.36," 1,249 ",Yoga,2.2,2,35.19
37,Male,87.8,1.69,158,1.81," 1,573 ",HIIT,3.5,5,30.74
41,Male,74.3,1.61,136,1.06, 714 ,Strength,3.5,4,28.66
22,Female,78.5,1.7,138,1.36, 938 ,Strength,2.1,4,27.16
51,Female,77.3,1.58,168,0.97, 733 ,Cardio,2,2,30.96
23,Female,64.5,1.7,125,0.51, 319 ,Cardio,1.7,2,22.32
19,Male,72,1.94,148,1.17, 952 ,Yoga,3.2,3,19.13
30,Female,77.9,1.77,130,1.41, 916 ,Cardio,2.6,4,24.87
28,Female,69.6,1.58,135,1.49," 1,006 ",Cardio,2,3,27.88
40,Male,68.9,1.99,149,1.16, 951 ,Cardio,2.4,4,17.4
33,Male,45.9,1.89,144,1.45," 1,148 ",Cardio,2.9,3,12.85
48,Female,68.2,1.69,159,0.75, 537 ,HIIT,2.5,3,23.88
28,Female,79.6,1.59,130,1.49, 968 ,HIIT,1.5,3,31.49
33,Female,53.6,1.52,126,1.02, 643 ,Cardio,2.3,2,23.2
25,Female,57.7,1.58,145,1.36, 986 ,Yoga,2.2,3,23.11
21,Male,74.2,1.93,141,1.32," 1,024 ",HIIT,2.5,3,19.92
57,Female,64.4,1.56,144,1.52, 985 ,Cardio,2.7,5,26.46
21,Female,54.9,1.78,138,0.55, 380 ,HIIT,2,2,17.33
42,Male,50.3,1.64,150,0.63, 468 ,Strength,2.4,3,18.7
20,Female,46.5,1.68,145,0.91, 660 ,HIIT,2.4,2,16.48
49,Male,57.8,1.99,161,0.93, 741 ,HIIT,3.1,3,14.6
20,Male,83,1.8,160,0.79, 695 ,Yoga,2.9,2,25.62
44,Male,82.5,1.79,155,1.51," 1,159 ",HIIT,3.5,5,25.75
46,Female,66.5,1.73,142,1.11, 709 ,Yoga,2,3,22.22
49,Female,70.2,1.67,166,0.93, 695 ,Strength,1.8,3,25.17
36,Male,121.9,1.93,132,1.49," 1,082 ",Cardio,3.4,3,32.73
38,Female,70.3,1.52,144,1.19, 857 ,Yoga,2,4,30.43
22,Female,40.3,1.56,121,1.45, 877 ,HIIT,2.1,4,16.56
35,Male,101.4,1.76,121,0.84, 559 ,HIIT,2.9,2,32.74
45,Male,79.2,1.95,135,1.47, 982 ,Yoga,2.8,3,20.83
59,Female,75.8,1.77,128,1.46, 841 ,Strength,1.8,3,24.19
39,Male,71.7,1.88,147,0.55, 445 ,Cardio,2.2,2,20.29
38,Female,57.7,1.56,132,1.64," 1,082 ",HIIT,2.7,5,23.71
23,Female,47.4,1.6,154,0.76, 585 ,Strength,1.6,3,18.52
18,Female,57.2,1.75,160,1.29," 1,032 ",Cardio,2.4,3,18.68
22,Female,44.8,1.72,132,1.48, 977 ,Cardio,1.8,4,15.14
58,Male,90.2,1.72,150,0.9, 668 ,HIIT,2.1,2,30.49
29,Male,84.9,1.72,140,1.79," 1,378 ",Yoga,3.5,4,28.7
43,Male,95.7,1.77,151,1.08, 807 ,HIIT,3.4,3,30.55
51,Male,59,1.65,153,1.22, 924 ,HIIT,2.3,3,21.67
31,Female,60.5,1.77,127,1.72," 1,092 ",HIIT,2.7,4,19.31
43,Female,53.8,1.72,160,1.03, 742 ,Strength,2.3,4,18.19
44,Male,86.6,1.97,167,1.66," 1,372 ",Yoga,3.5,5,22.31
26,Female,72.8,1.67,121,1.37, 829 ,Strength,1.9,2,26.1
43,Female,66.3,1.77,157,1.48," 1,046 ",HIIT,1.7,4,21.16
39,Female,56,1.6,151,0.89, 672 ,Yoga,2,2,21.87
47,Male,45.9,1.93,159,1.29," 1,015 ",Cardio,2,3,12.32
34,Male,88,1.64,147,1.9," 1,536 ",Yoga,3.5,4,32.72
43,Male,94,1.79,156,1.31," 1,012 ",HIIT,3.4,2,29.34
53,Female,44.7,1.79,160,1.34, 965 ,Yoga,2.1,3,13.95
18,Male,63.2,1.63,120,0.66, 436 ,Cardio,2.2,3,23.79
25,Male,95.6,1.9,160,1.47," 1,294 ",Cardio,2.4,4,26.48
52,Male,47.8,1.86,129,1.01, 645 ,Yoga,2.8,3,13.82
32,Male,85.3,1.64,123,1.77," 1,197 ",Cardio,3.5,4,31.71
39,Male,59.7,1.83,154,1.35," 1,143 ",Strength,2.3,4,17.83
31,Male,70.2,1.98,129,0.71, 504 ,Yoga,2.5,2,17.91
43,Female,72.7,1.8,166,0.79, 590 ,Cardio,2.1,3,22.44
45,Female,50.4,1.79,130,0.74, 433 ,Cardio,2.5,2,15.73
40,Male,81.7,1.74,133,0.91, 666 ,Yoga,2.7,2,26.99
31,Male,49.3,1.62,157,0.56, 484 ,Strength,3.2,2,18.79
41,Female,61.9,1.64,131,1.93," 1,138 ",Yoga,2.7,4,23.01
19,Female,49.1,1.68,164,1.42," 1,164 ",Cardio,2.6,4,17.4
43,Male,66.5,1.83,136,1.11, 747 ,Yoga,2.4,3,19.86
31,Male,75.5,1.93,135,0.6, 446 ,Cardio,3.4,2,20.27
24,Male,88.2,1.79,154,1.76," 1,491 ",HIIT,3.5,4,27.53
20,Male,74.8,1.75,121,1.33, 885 ,Yoga,3.3,3,24.42
40,Female,72.2,1.6,130,0.87, 566 ,Yoga,1.9,3,28.2
35,Male,62.8,1.63,160,1.41," 1,241 ",Cardio,3.7,4,23.64
55,Male,84.7,1.79,122,1.19, 719 ,Cardio,2.4,3,26.43
52,Male,116.5,1.69,148,0.53, 388 ,Cardio,2.4,2,40.79
32,Male,77.4,1.92,137,1.39," 1,047 ",Cardio,3.3,3,21
42,Female,72.9,1.62,139,1.17, 732 ,Yoga,2,4,27.78
54,Female,58.4,1.59,166,1.08, 807 ,Cardio,1.9,2,23.1
45,Female,64.3,1.54,133,1.67, 999 ,Yoga,2.7,4,27.11
27,Male,89.3,1.87,153,1.62," 1,363 ",Strength,3.5,5,25.54
56,Male,90.2,1.61,168,1.38," 1,148 ",Yoga,2.3,3,34.8
34,Female,59,1.62,150,1.13, 847 ,Cardio,2.4,4,22.48
56,Male,58.7,1.86,159,1.09, 858 ,Cardio,3.3,3,16.97
39,Male,127.5,1.82,161,1.26," 1,116 ",Strength,3,3,38.49
43,Female,68.6,1.52,137,1.42, 875 ,Yoga,2.6,4,29.69
42,Female,56.7,1.53,149,1.07, 717 ,Strength,1.9,3,24.22
34,Female,64.5,1.78,144,1.33, 958 ,Yoga,1.8,4,20.36
30,Female,61.6,1.52,138,1.78," 1,228 ",Cardio,2.7,4,26.66
37,Male,75.1,1.82,127,1.23, 859 ,Yoga,3.2,4,22.67
42,Male,79.3,1.93,147,1.22, 888 ,Cardio,3.3,2,21.29
21,Female,72.6,1.68,127,1.19, 756 ,Cardio,1.8,3,25.72
27,Male,76.7,1.7,150,0.96, 792 ,HIIT,2.1,3,26.54
20,Female,44.2,1.61,122,1.08, 659 ,HIIT,2.5,2,17.05
58,Female,56.5,1.7,122,0.74, 406 ,Yoga,2.7,2,19.55
35,Male,100.9,1.63,163,1.1, 986 ,Cardio,3.1,2,37.98
53,Female,55.8,1.55,141,1.12, 711 ,Strength,1.8,4,23.23
39,Male,58.3,1.93,136,1.35," 1,010 ",Cardio,3.7,4,15.65
51,Male,48.6,1.77,155,1.47," 1,128 ",Strength,3.5,2,15.51
25,Male,81.7,1.95,136,1.94," 1,451 ",Yoga,3.5,4,21.49
57,Male,85.6,1.69,133,1.76," 1,159 ",Yoga,3.5,5,29.97
36,Female,60,1.72,128,1.63," 1,043 ",Strength,2.7,5,20.28
59,Male,126.4,1.69,149,1.24, 915 ,Strength,2.9,3,44.26
58,Female,75.4,1.78,140,1.05, 662 ,Cardio,2.5,4,23.8
54,Female,64.2,1.69,131,1.69, 996 ,Yoga,2.7,4,22.48
23,Female,65.2,1.62,156,1.37," 1,069 ",Cardio,2.5,3,24.84
43,Female,70.1,1.66,151,0.99, 673 ,Strength,2.6,2,25.44
51,Male,102.6,1.77,130,1.21, 779 ,HIIT,3.4,2,32.75
23,Male,107.2,1.93,139,1.15, 879 ,HIIT,3.1,4,28.78
54,Female,56.5,1.75,154,1.76," 1,220 ",HIIT,2.7,5,18.45
50,Female,61.6,1.75,166,1.22, 911 ,Strength,2.2,4,20.11
39,Male,81.7,1.75,165,1.32," 1,198 ",Cardio,2.8,4,26.68
38,Female,76.6,1.58,130,0.74, 481 ,Yoga,2.3,2,30.68
23,Male,116.8,1.79,127,1, 698 ,Strength,3.4,4,36.45
23,Female,60.1,1.59,123,1.8," 1,107 ",HIIT,2.7,4,23.77
21,Male,93.7,1.73,146,1, 803 ,Cardio,3.6,2,31.31
47,Female,41.6,1.58,163,1.03, 756 ,Yoga,2.1,4,16.66
28,Female,55.1,1.79,159,1.99," 1,582 ",Yoga,2.7,5,17.2
47,Male,127.1,1.76,157,0.71, 552 ,Strength,3,2,41.03
48,Female,69.1,1.6,166,1.34," 1,001 ",Strength,2,4,26.99
41,Female,66.8,1.74,149,1.34, 898 ,Yoga,2.3,3,22.06
26,Male,125.5,1.76,163,1.15," 1,031 ",Yoga,3.1,4,40.52
20,Female,71.3,1.58,167,1.07, 893 ,HIIT,1.5,3,28.56
48,Male,129.2,1.61,167,1.06, 876 ,Yoga,2.9,4,49.84
57,Male,96.3,1.86,146,1.1, 795 ,Strength,2.2,3,27.84
54,Female,67.5,1.54,140,0.72, 454 ,Cardio,1.5,3,28.46
53,Female,64.4,1.55,139,1.77," 1,107 ",HIIT,2.7,4,26.81
41,Female,64.9,1.57,123,1.04, 576 ,HIIT,2.4,4,26.33
48,Female,52.3,1.66,130,0.74, 433 ,Yoga,1.8,3,18.98
23,Female,56.7,1.55,132,1.38, 911 ,Cardio,1.9,4,23.6
19,Female,46.8,1.63,128,1.35, 864 ,HIIT,1.6,4,17.61
37,Female,70.3,1.77,123,1.01, 621 ,Strength,1.7,2,22.44
45,Male,80.8,1.76,131,1.7," 1,102 ",Yoga,3.5,4,26.08
28,Female,56,1.5,128,1.94," 1,242 ",Strength,2.7,5,24.89
21,Male,101.2,1.84,132,1.3, 944 ,Yoga,3.3,2,29.89
32,Female,56.6,1.57,167,1.65," 1,378 ",HIIT,2.7,4,22.96
23,Female,40.9,1.75,145,0.82, 594 ,Yoga,2.1,3,13.36
47,Male,127.8,1.65,157,0.77, 598 ,Cardio,3.5,2,46.94
55,Female,49.3,1.76,161,1.28, 927 ,Strength,2,2,15.92
19,Female,64.3,1.63,132,1.87," 1,234 ",Cardio,2.7,5,24.2
32,Male,49.3,1.62,158,1.18," 1,025 ",Strength,2.5,3,18.79
28,Female,63,1.62,147,0.68, 500 ,Strength,1.9,2,24.01
25,Female,41.1,1.67,138,1.03, 711 ,Yoga,2.4,3,14.74
43,Female,40.5,1.74,143,1.5, 965 ,HIIT,2.2,3,13.38
22,Male,71,1.62,138,0.91, 691 ,HIIT,3.5,2,27.05
23,Female,60.9,1.62,168,1.59," 1,336 ",Cardio,2.7,5,23.21
43,Female,64.7,1.66,132,1.88," 1,117 ",Yoga,2.7,4,23.48
21,Female,51,1.71,132,1.07, 706 ,HIIT,2.2,3,17.44
36,Female,57.7,1.77,147,1.65," 1,213 ",Strength,2.7,4,18.42
37,Male,76.9,1.82,121,1.49, 992 ,Strength,2.8,4,23.22
50,Male,80.5,1.77,129,1.85," 1,181 ",Yoga,3.5,4,25.7
37,Female,73.3,1.74,141,1.03, 726 ,Cardio,2.4,3,24.21
29,Female,49,1.57,132,1.33, 878 ,Yoga,2.6,3,19.88
18,Male,114.5,1.97,128,1.03, 725 ,Cardio,2.6,3,29.5
43,Male,81,1.78,152,1.58," 1,189 ",Yoga,3.5,5,25.56
31,Female,53.5,1.76,133,1.22, 811 ,Strength,1.8,4,17.27
55,Male,52.1,1.68,167,0.77, 637 ,Yoga,3,3,18.46
54,Female,70.1,1.52,139,0.76, 475 ,HIIT,2.1,2,30.34
28,Male,86.9,1.78,134,1.29, 951 ,HIIT,3.7,4,27.43
53,Male,73.4,1.76,151,1.09, 815 ,Yoga,2.8,3,23.7
30,Male,90,1.66,152,1.32," 1,104 ",Cardio,2.1,4,32.66
20,Male,85.7,1.92,136,1.72," 1,287 ",Cardio,3.5,5,23.25
50,Female,70.4,1.55,143,0.73, 470 ,Strength,2.7,2,29.3
23,Male,57.7,1.71,149,1.15, 942 ,Strength,3.4,3,19.73
27,Male,75.7,1.76,132,0.68, 494 ,Cardio,2.3,3,24.44
22,Female,61.8,1.52,166,1.83," 1,519 ",Yoga,2.7,5,26.75
40,Male,80.3,1.76,167,1.63," 1,497 ",Strength,3.5,5,25.92
27,Male,104.3,1.68,135,1.28, 950 ,Cardio,3.5,3,36.95
19,Female,65.7,1.58,121,1.46, 883 ,Cardio,1.9,3,26.32
30,Male,120.3,1.96,136,0.66, 494 ,Yoga,2.6,2,31.32
57,Female,51.9,1.57,151,1.05, 713 ,HIIT,2.6,3,21.06
19,Female,59.1,1.57,162,1.65," 1,336 ",Cardio,2.7,5,23.98
37,Female,66.9,1.75,127,1.38, 876 ,Strength,2.1,4,21.84
18,Female,66.9,1.75,122,0.94, 573 ,Yoga,1.7,2,21.84
54,Male,78.7,1.66,131,1.42, 921 ,Yoga,2.6,3,28.56
26,Female,62.4,1.61,139,1.88," 1,307 ",Yoga,2.7,4,24.07
34,Male,102.1,1.71,135,0.96, 713 ,HIIT,3.2,2,34.92
26,Male,51.9,2,133,0.75, 549 ,HIIT,2.3,2,12.97
28,Male,58.3,2,135,1.32, 980 ,Strength,3,4,14.57
32,Male,89.8,1.92,168,1.93," 1,783 ",Strength,3.5,4,24.36
41,Male,101.1,1.83,162,0.79, 634 ,Yoga,3.2,2,30.19
55,Male,118.6,1.72,168,0.77, 640 ,Strength,2.6,3,40.09
52,Male,84.8,1.85,152,1.19, 895 ,Cardio,3.2,2,24.78
47,Male,80,1.77,149,0.72, 531 ,HIIT,3.5,3,25.54
48,Male,73.1,1.83,131,1.05, 681 ,Yoga,2.8,4,21.83
22,Male,117.3,1.68,134,1.24, 914 ,Yoga,2.7,3,41.56
31,Female,77.4,1.71,137,1.26, 863 ,Cardio,1.8,4,26.47
28,Female,72.9,1.67,147,1.13, 831 ,Cardio,2.2,3,26.14
26,Female,71.2,1.5,142,1.15, 816 ,Cardio,2.6,2,31.64
51,Male,88.2,1.62,133,1.56," 1,027 ",Cardio,3.5,4,33.61
29,Female,75.6,1.8,149,1.31, 976 ,Yoga,1.9,4,23.33
52,Female,57.9,1.56,152,1.66," 1,135 ",HIIT,2.7,4,23.79
52,Female,70.6,1.58,164,1.02, 753 ,HIIT,2,3,28.28
18,Male,118.6,1.64,134,0.94, 693 ,Cardio,2.7,3,44.1
57,Male,55.7,1.99,126,1.13, 705 ,Strength,3,3,14.07
39,Male,102.3,1.94,134,0.89, 656 ,Yoga,2.4,3,27.18
46,Male,72.6,1.87,161,1.31," 1,044 ",HIIT,3.4,4,20.76
25,Female,63.8,1.68,165,0.95, 784 ,Cardio,1.9,2,22.6
28,Female,67.3,1.67,157,0.61, 479 ,Strength,2.3,3,24.13
58,Female,59.3,1.58,165,1.97," 1,463 ",Strength,2.7,4,23.75
54,Female,70.7,1.57,163,1.14, 836 ,Cardio,2.1,3,28.68
31,Male,86.9,1.69,130,1.72," 1,230 ",Yoga,3.5,4,30.43
47,Male,98.2,1.9,148,0.76, 557 ,HIIT,3,3,27.2
52,Male,63.6,1.62,150,1.3, 965 ,Strength,2.3,4,24.23
38,Female,45.2,1.68,144,1.01, 727 ,HIIT,2.4,3,16.01
54,Male,117.2,1.62,143,1.04, 736 ,HIIT,2.3,4,44.66
22,Male,107.4,1.74,138,1.34," 1,017 ",Strength,2.2,2,35.47
36,Female,59.1,1.78,121,0.85, 514 ,Cardio,2.2,2,18.65
31,Female,53.3,1.64,141,0.57, 402 ,Strength,2.4,3,19.82
43,Male,46.2,1.63,139,1.18, 812 ,Strength,2.1,2,17.39
21,Male,67,1.61,152,1.32," 1,104 ",Yoga,2.1,3,25.85
42,Male,86.3,1.77,127,1.77," 1,113 ",HIIT,3.5,4,27.55
59,Male,85.5,1.67,144,1.99," 1,418 ",Cardio,3.5,5,30.66
42,Male,70.2,1.87,165,1.38," 1,127 ",HIIT,3.4,3,20.07
35,Male,127.1,1.62,128,1.02, 718 ,Strength,3.4,4,48.43
57,Female,75.6,1.67,153,1.05, 723 ,Cardio,1.8,3,27.11
25,Female,62.6,1.65,142,1.2, 852 ,Cardio,2.2,3,22.99
56,Female,55.7,1.53,124,1.91," 1,066 ",Cardio,2.7,5,23.79
57,Male,96.1,1.74,144,1.21, 862 ,Cardio,2.8,3,31.74
31,Female,76.7,1.62,127,1.39, 883 ,Yoga,2.3,4,29.23
49,Male,57.2,1.89,135,1.14, 762 ,Cardio,3.5,2,16.01
55,Male,69.9,1.81,167,1.2, 992 ,Strength,2.1,4,21.34
50,Female,67.9,1.77,164,1.03, 760 ,Yoga,2.4,3,21.67
40,Male,87.9,1.87,134,1.96," 1,445 ",Strength,3.5,5,25.14
32,Male,102.8,1.98,120,1.24, 818 ,Strength,2.8,3,26.22
50,Female,51.8,1.5,141,1.32, 838 ,HIIT,2.2,3,23.02
42,Female,57.7,1.57,122,1.83," 1,005 ",Cardio,2.7,4,23.41
34,Female,66.5,1.69,157,0.81, 636 ,Cardio,2.3,3,23.28
50,Male,95.4,1.61,133,1.16, 764 ,Strength,3.6,4,36.8
19,Female,69.2,1.6,155,1.17, 907 ,Cardio,1.6,3,27.03
31,Female,66.6,1.67,137,1.02, 699 ,Yoga,1.5,4,23.88
57,Male,83.4,1.65,166,1.57," 1,290 ",HIIT,3.5,4,30.63
57,Female,43.8,1.75,160,1.39," 1,001 ",Cardio,1.7,2,14.3
56,Female,64.2,1.69,137,1.99," 1,227 ",Cardio,2.7,5,22.48
23,Female,44.1,1.62,122,0.58, 354 ,Yoga,2.7,2,16.8
23,Male,87.3,1.91,129,1.87," 1,327 ",HIIT,3.5,5,23.93
20,Male,55,1.6,168,1.12," 1,035 ",Yoga,3.2,4,21.48
24,Male,87.1,1.74,158,1.57," 1,364 ",Strength,3.5,4,28.77
25,Male,66.6,1.61,166,1.38," 1,260 ",Strength,3,2,25.69
59,Female,60.4,1.76,120,1.72, 929 ,Cardio,2.7,5,19.5
32,Male,126.4,1.83,146,1.1, 883 ,HIIT,2.1,3,37.74
46,Male,88.7,1.63,146,0.75, 542 ,Strength,3.5,2,33.38